{
	"AX": "Aaland-Insle",
	"AF": "Afganischtan",
	"EG": "Ägüpte",
	"AL": "Albaanie",
	"DZ": "Algeerie",
	"AS": "Amerikaanisch-Samoa",
	"VI": "Amerikaanischi Jungfere-Insle",
	"UM": "Amerikanisch-Ozeaanie",
	"AD": "Andorra",
	"AO": "Angoola",
	"AI": "Anguilla",
	"AQ": "Antarktis",
	"AG": "Antigua und Barbuda",
	"GQ": "Äquatoriaalgineea",
	"AR": "Argentiinie",
	"ER": "Äritreea",
	"AM": "Armeenie",
	"AW": "Aruba",
	"AC": "Ascension Island",
	"AZ": "Aserbäidschan",
	"ET": "Äthiopie",
	"AU": "Auschtraalie",
	"BH": "Bachräin",
	"BS": "Bahaamas",
	"BD": "Bangladesch",
	"BB": "Barbados",
	"BE": "Belgie",
	"BZ": "Belize",
	"BJ": "Benin",
	"BM": "Bermuuda",
	"BT": "Bhutan",
	"BO": "Boliivie",
	"BA": "Bosnie und Herzegowina",
	"BW": "Botswana",
	"BV": "Bouvet-Insle",
	"BR": "Brasilie",
	"VG": "Britischi Jungfere-Insle",
	"IO": "Britischs Territoorium im Indische Oozean",
	"BN": "Brunäi Tarussalam",
	"BG": "Bulgaarie",
	"BF": "Burkina Faaso",
	"BI": "Burundi",
	"IC": "Canary Islands",
	"BQ": "Caribbean Netherlands",
	"EA": "Ceuta & Melilla",
	"CN": "Chiina",
	"CP": "Clipperton Island",
	"CK": "Cook-Insle",
	"CR": "Coschta Rica",
	"CW": "Curaçao",
	"KP": "Demokraatischi Volksrepublik Koreea",
	"DG": "Diego Garcia",
	"JM": "Dschamäika",
	"JE": "Dschörsi",
	"EC": "Ecuador",
	"EE": "Eestland",
	"SV": "El Salvador",
	"CI": "Elfebäiküschte",
	"FK": "Falkland-Insle",
	"FO": "Färöer",
	"FI": "Finnland",
	"FJ": "Fitschi",
	"FR": "Frankriich",
	"GF": "Französisch-Guäjaana",
	"PF": "Französisch-Polineesie",
	"TF": "Französischi Süüd- und Antarktisgebiet",
	"GH": "Gaana",
	"GG": "Gäärnsi",
	"GA": "Gabun",
	"GM": "Gambia",
	"GE": "Geoorgie",
	"QA": "Ggatar",
	"GI": "Gibraltar",
	"GN": "Gineea",
	"GW": "Gineea-Bissau",
	"GD": "Grenada",
	"GR": "Griecheland",
	"GL": "Gröönland",
	"GP": "Guadälup",
	"GY": "Guäjaana",
	"GU": "Guam",
	"GT": "Guatemaala",
	"HT": "Haiti",
	"NL": "Holland",
	"HN": "Honduras",
	"HM": "Höörd- und MäcDonald-Insle",
	"IS": "Iisland",
	"IN": "Indie",
	"ID": "Indoneesie",
	"IM": "Insle vo Män",
	"IQ": "Iraak",
	"IR": "Iraan",
	"IE": "Irland",
	"IL": "Israel",
	"IT": "Itaalie",
	"JP": "Japan",
	"YE": "Jeeme",
	"JO": "Jordaanie",
	"KY": "Käimän-Insle",
	"KH": "Kambodscha",
	"CM": "Kamerun",
	"CA": "Kanada",
	"CV": "Kap Verde",
	"KZ": "Kasachschtan",
	"KE": "Keenia",
	"KG": "Kirgiisischtan",
	"KI": "Kiribaati",
	"CC": "Kokos-Insle",
	"CO": "Kolumbie",
	"KM": "Komoore",
	"CG": "Kongo",
	"XK": "Kosovo",
	"HR": "Kroaazie",
	"CU": "Kuba",
	"KW": "Kuwäit",
	"LA": "Laaos",
	"LS": "Lesooto",
	"LV": "Lettland",
	"LI": "Liächteschtäi",
	"LB": "Libanon",
	"LR": "Libeeria",
	"LT": "Littaue",
	"LY": "Lüübie",
	"LU": "Luxemburg",
	"ML": "Maali",
	"MG": "Madagaschkar",
	"YT": "Majott",
	"MW": "Malaawi",
	"MY": "Maläisia",
	"MV": "Malediiwe",
	"MT": "Malta",
	"MA": "Marokko",
	"MH": "Marshallinsle",
	"MQ": "Martinigg",
	"MR": "Mauretaanie",
	"MU": "Mauriizius",
	"MX": "Mexiko",
	"FM": "Mikroneesie",
	"MC": "Monaco",
	"MN": "Mongolei",
	"ME": "Monteneegro",
	"MS": "Moosörrat",
	"MZ": "Mosambik",
	"MM": "Myanmar (Burma)",
	"NA": "Namiibia",
	"NR": "Nauru",
	"NP": "Neepal",
	"NI": "Nicaraagua",
	"NG": "Nigeeria",
	"NE": "Niger",
	"NU": "Niue",
	"NC": "Nöikaledoonie",
	"NZ": "Nöiseeland",
	"MP": "Nördlichi Mariaane",
	"NF": "Norfolk-Insle",
	"MK": "North Macedonia",
	"NO": "Norweege",
	"OM": "Omaan",
	"AT": "Ööschtriich",
	"TL": "Oschttimor",
	"PK": "Pakischtan",
	"PS": "Paläschtinänsischi Gebiet",
	"PW": "Palau",
	"PA": "Panama",
	"PG": "Papua-Neuguinea",
	"PY": "Paraguai",
	"PE": "Peru",
	"PH": "Philippiine",
	"PN": "Pitggäärn",
	"PL": "Poole",
	"PT": "Portugal",
	"PR": "Puerto Riggo",
	"KR": "Republik Koreea",
	"MD": "Republik Moldau",
	"RE": "Reünioon",
	"RW": "Ruanda",
	"RO": "Rumäänie",
	"RU": "Russland",
	"SB": "Salomoone",
	"ZM": "Sambia",
	"WS": "Samooa",
	"SM": "San Mariino",
	"ST": "Sao Tome und Prinssipe",
	"RS": "Särbie",
	"SA": "Saudi-Araabie",
	"ES": "Schpanie",
	"LK": "Schri Lanka",
	"SE": "Schweede",
	"CH": "Schwiiz",
	"SC": "Seischälle",
	"SN": "Senegal",
	"SL": "Sierra Leoone",
	"ZW": "Simbabwe",
	"SG": "Singapuur",
	"SX": "Sint Maarten",
	"SK": "Slowakäi",
	"SI": "Sloweenie",
	"SO": "Somaalie",
	"HK": "Sonderverwaltigszone Hongkong",
	"MO": "Sonderverwaltigszone Macao",
	"SS": "South Sudan",
	"BL": "St. Barthelemi",
	"SH": "St. Helena",
	"KN": "St. Kitts und Niuwis",
	"LC": "St. Lutschiia",
	"MF": "St. Martin",
	"PM": "St. Pierr und Miggelo",
	"VC": "St. Vincent und d’Grönadiine",
	"SD": "Sudan",
	"SR": "Surinam",
	"ZA": "Süüdafrika",
	"GS": "Süüdgeorgie und d’süüdlichi Sändwitsch-Insle",
	"SY": "Süürie",
	"SJ": "Svalbard und Jaan Määie",
	"SZ": "Swasiland",
	"TJ": "Tadschikischtan",
	"TW": "Taiwan",
	"DK": "Tänemark",
	"TZ": "Tansaniia",
	"CD": "Temokraatischi Republik Kongo",
	"TH": "Thailand",
	"TK": "Tokelau",
	"DM": "Tominica",
	"DO": "Tominikaanischi Republik",
	"TO": "Tonga",
	"TG": "Toogo",
	"TC": "Törks- und Gaiggos-Insle",
	"TT": "Trinidad und Tobaago",
	"TA": "Tristan da Cunha",
	"TD": "Tschad",
	"CZ": "Tschechischi Republik",
	"DJ": "Tschibuuti",
	"CL": "Tschile",
	"TN": "Tuneesie",
	"TR": "Türggei",
	"TM": "Turkmeenischtan",
	"DE": "Tüütschland",
	"TV": "Tuvalu",
	"UG": "Uganda",
	"UA": "Ukraiine",
	"HU": "Ungarn",
	"UY": "Uruguay",
	"UZ": "Uschbeekischtan",
	"VA": "Vatikanstadt",
	"VE": "Venezueela",
	"AE": "Veräinigti Arabischi Emirate",
	"US": "Veräinigti Schtaate",
	"GB": "Veräinigts Chönigriich",
	"WF": "Wallis und Futuuna",
	"VU": "Wanuatu",
	"EH": "Weschtsahara",
	"CX": "Wienachts-Insle",
	"VN": "Wietnam",
	"BY": "Wiissrussland",
	"CF": "Zentraalafrikaanischi Republik",
	"CY": "Zypere"
}